regime,horizon,model,roc_auc,n_pos
GFC,1,chs_logit,0.9623236574051934,22
GFC,1,xgb_node_features,0.9597649129856963,69
GFC,1,xgb_neighbor_features,0.9730732195292351,69
GFC,2,chs_logit,0.9627293638390898,65
GFC,2,xgb_node_features,0.9653833833406298,170
GFC,2,xgb_neighbor_features,0.9714532970113077,170
GFC,3,chs_logit,0.9419821632746399,125
GFC,3,xgb_node_features,0.9606767754165519,295
GFC,3,xgb_neighbor_features,0.9683558661184377,295
GFC,4,chs_logit,0.9197900877440354,192
GFC,4,xgb_node_features,0.9537784531483227,423
GFC,4,xgb_neighbor_features,0.9545188563833154,423
GFC,5,chs_logit,0.903787232696361,268
GFC,5,xgb_node_features,0.9454803255467953,551
GFC,5,xgb_neighbor_features,0.9419468949987864,551
GFC,6,chs_logit,0.8868540029854997,355
GFC,6,xgb_node_features,0.9261299457819997,687
GFC,6,xgb_neighbor_features,0.9170609174027577,687
GFC,7,chs_logit,0.8679804397890515,441
GFC,7,xgb_node_features,0.9127594417048052,821
GFC,7,xgb_neighbor_features,0.9014439456705359,821
GFC,8,chs_logit,0.8532399476279869,523
GFC,8,xgb_node_features,0.90909572462326,955
GFC,8,xgb_neighbor_features,0.884058852576062,955
Recovery,1,chs_logit,,7
Recovery,1,xgb_node_features,0.9601172916563714,33
Recovery,1,xgb_neighbor_features,0.9747606647171773,33
Recovery,2,chs_logit,0.9140968580529936,19
Recovery,2,xgb_node_features,0.9710692861522877,82
Recovery,2,xgb_neighbor_features,0.9688789463756136,82
Recovery,3,chs_logit,0.9424105212281549,38
Recovery,3,xgb_node_features,0.9717380679798726,141
Recovery,3,xgb_neighbor_features,0.9612307247010415,141
Recovery,4,chs_logit,0.931739757190087,61
Recovery,4,xgb_node_features,0.9663917025032283,200
Recovery,4,xgb_neighbor_features,0.9611579059601236,200
Recovery,5,chs_logit,0.9162761621870831,88
Recovery,5,xgb_node_features,0.9594593677168692,262
Recovery,5,xgb_neighbor_features,0.9509416773834041,262
Recovery,6,chs_logit,0.8951071550794543,120
Recovery,6,xgb_node_features,0.9547056304941373,327
Recovery,6,xgb_neighbor_features,0.9451254831773426,327
Recovery,7,chs_logit,0.8843215535572718,157
Recovery,7,xgb_node_features,0.9468000974635414,395
Recovery,7,xgb_neighbor_features,0.9351475640130915,395
Recovery,8,chs_logit,0.8741794934650553,196
Recovery,8,xgb_node_features,0.9311917750343758,460
Recovery,8,xgb_neighbor_features,0.9174982456557679,460
Expansion,1,chs_logit,0.9924622539659983,22
Expansion,1,xgb_node_features,0.9931350350699286,100
Expansion,1,xgb_neighbor_features,0.9963964063886424,100
Expansion,2,chs_logit,0.9814789144361068,70
Expansion,2,xgb_node_features,0.9888891247770643,247
Expansion,2,xgb_neighbor_features,0.991470584383088,247
Expansion,3,chs_logit,0.969283103754877,150
Expansion,3,xgb_node_features,0.9828239310327331,423
Expansion,3,xgb_neighbor_features,0.9862893092240311,423
Expansion,4,chs_logit,0.9636646676212491,244
Expansion,4,xgb_node_features,0.9764278073337098,615
Expansion,4,xgb_neighbor_features,0.9832224474465066,615
Expansion,5,chs_logit,0.9554355928689539,355
Expansion,5,xgb_node_features,0.9706858886404648,822
Expansion,5,xgb_neighbor_features,0.974575476399481,822
Expansion,6,chs_logit,0.9424318479553668,470
Expansion,6,xgb_node_features,0.9628384243249735,1031
Expansion,6,xgb_neighbor_features,0.9663281806261073,1031
Expansion,7,chs_logit,0.9308536997173376,588
Expansion,7,xgb_node_features,0.9534704034598614,1239
Expansion,7,xgb_neighbor_features,0.9593440295975055,1239
Expansion,8,chs_logit,0.9175387955232259,708
Expansion,8,xgb_node_features,0.9413777130567037,1446
Expansion,8,xgb_neighbor_features,0.9518173430247105,1446
COVID,1,chs_logit,,9
COVID,1,xgb_node_features,0.9937566560947926,38
COVID,1,xgb_neighbor_features,0.995433943309055,38
COVID,2,chs_logit,0.9950301464254953,20
COVID,2,xgb_node_features,0.9949703328432876,70
COVID,2,xgb_neighbor_features,0.9924287935356271,70
COVID,3,chs_logit,0.9857419163339365,30
COVID,3,xgb_node_features,0.9918502920962892,92
COVID,3,xgb_neighbor_features,0.9916578427149052,92
COVID,4,chs_logit,0.9810643356011677,35
COVID,4,xgb_node_features,0.9896186730320811,106
COVID,4,xgb_neighbor_features,0.991734378447287,106
COVID,5,chs_logit,0.9699752681678313,40
COVID,5,xgb_node_features,0.9852875824593714,118
COVID,5,xgb_neighbor_features,0.9887927539465785,118
COVID,6,chs_logit,0.9491133047457334,50
COVID,6,xgb_node_features,0.9779870948267957,136
COVID,6,xgb_neighbor_features,0.9828236691454847,136
COVID,7,chs_logit,0.9171192335783482,61
COVID,7,xgb_node_features,0.9632685898469886,158
COVID,7,xgb_neighbor_features,0.9688252871109172,158
COVID,8,chs_logit,0.8841723720999382,76
COVID,8,xgb_node_features,0.9436429288024915,185
COVID,8,xgb_neighbor_features,0.9557559344660438,185
Tightening,1,chs_logit,,0
Tightening,1,xgb_node_features,0.8815112512491816,12
Tightening,1,xgb_neighbor_features,0.9636755229332507,12
Tightening,2,chs_logit,,6
Tightening,2,xgb_node_features,0.9359826661095779,32
Tightening,2,xgb_neighbor_features,0.9460250387579853,32
Tightening,3,chs_logit,0.9538065666613753,19
Tightening,3,xgb_node_features,0.9403089487995581,68
Tightening,3,xgb_neighbor_features,0.946473211621183,68
Tightening,4,chs_logit,0.9414182140950716,47
Tightening,4,xgb_node_features,0.9419295760255928,126
Tightening,4,xgb_neighbor_features,0.9596281791832664,126
Tightening,5,chs_logit,0.9073113955236723,87
Tightening,5,xgb_node_features,0.9315305218357113,192
Tightening,5,xgb_neighbor_features,0.949367018420713,192
Tightening,6,chs_logit,0.8873844028302935,130
Tightening,6,xgb_node_features,0.9310020748515514,245
Tightening,6,xgb_neighbor_features,0.9386492524913352,245
Tightening,7,chs_logit,0.874467471699781,167
Tightening,7,xgb_node_features,0.925563248290517,285
Tightening,7,xgb_neighbor_features,0.9251143071598471,285
Tightening,8,chs_logit,0.8660920926102861,191
Tightening,8,xgb_node_features,0.912642863935422,309
Tightening,8,xgb_neighbor_features,0.9199541309973245,309
