regime,years,horizon,model,roc_auc,n_pos
GFC,2007-2009,1,chs_logit,0.7234233444385996,30
GFC,2007-2009,1,xgb_node_features,0.9124810459210593,79
GFC,2007-2009,1,xgb_neighbor_features,0.9632593388266708,79
GFC,2007-2009,2,chs_logit,0.6107835498051681,109
GFC,2007-2009,2,xgb_node_features,0.9193057355391545,223
GFC,2007-2009,2,xgb_neighbor_features,0.9541136873863967,223
GFC,2007-2009,3,chs_logit,0.6016960703831777,211
GFC,2007-2009,3,xgb_node_features,0.8991522430084569,396
GFC,2007-2009,3,xgb_neighbor_features,0.9469135489898014,396
GFC,2007-2009,4,chs_logit,0.5925103013191441,323
GFC,2007-2009,4,xgb_node_features,0.8884254275456062,577
GFC,2007-2009,4,xgb_neighbor_features,0.9184446280838372,577
GFC,2007-2009,5,chs_logit,0.585498026786485,445
GFC,2007-2009,5,xgb_node_features,0.8719795420988634,763
GFC,2007-2009,5,xgb_neighbor_features,0.9053479921531797,763
GFC,2007-2009,6,chs_logit,0.593604619457087,571
GFC,2007-2009,6,xgb_node_features,0.84774608181235,958
GFC,2007-2009,6,xgb_neighbor_features,0.8856076349824336,958
GFC,2007-2009,7,chs_logit,0.6145752449265794,675
GFC,2007-2009,7,xgb_node_features,0.8389926903887719,1153
GFC,2007-2009,7,xgb_neighbor_features,0.8673404430660347,1153
GFC,2007-2009,8,chs_logit,0.6276018577294565,772
GFC,2007-2009,8,xgb_node_features,0.8297945056303374,1339
GFC,2007-2009,8,xgb_neighbor_features,0.8518607129883224,1339
Recovery,2010-2012,1,chs_logit,,8
Recovery,2010-2012,1,xgb_node_features,0.9454397201673324,38
Recovery,2010-2012,1,xgb_neighbor_features,0.9704635412714624,38
Recovery,2010-2012,2,chs_logit,0.7967984709114802,22
Recovery,2010-2012,2,xgb_node_features,0.9564597935387584,98
Recovery,2010-2012,2,xgb_neighbor_features,0.9617835048212421,98
Recovery,2010-2012,3,chs_logit,0.8118678910907042,45
Recovery,2010-2012,3,xgb_node_features,0.9596110734254821,174
Recovery,2010-2012,3,xgb_neighbor_features,0.9532512494078458,174
Recovery,2010-2012,4,chs_logit,0.8119930493765072,72
Recovery,2010-2012,4,xgb_node_features,0.9525766998048704,249
Recovery,2010-2012,4,xgb_neighbor_features,0.955953560364594,249
Recovery,2010-2012,5,chs_logit,0.7886208718493571,108
Recovery,2010-2012,5,xgb_node_features,0.9445835070439434,329
Recovery,2010-2012,5,xgb_neighbor_features,0.9429926200127814,329
Recovery,2010-2012,6,chs_logit,0.791591998556779,147
Recovery,2010-2012,6,xgb_node_features,0.9378393912763048,415
Recovery,2010-2012,6,xgb_neighbor_features,0.937238876569844,415
Recovery,2010-2012,7,chs_logit,0.8019775106630478,190
Recovery,2010-2012,7,xgb_node_features,0.9293151021863117,500
Recovery,2010-2012,7,xgb_neighbor_features,0.9258576402091255,500
Recovery,2010-2012,8,chs_logit,0.8062839746863282,237
Recovery,2010-2012,8,xgb_node_features,0.9067231640619557,583
Recovery,2010-2012,8,xgb_neighbor_features,0.9061568286736097,583
Expansion,2013-2019,1,chs_logit,0.9539239986421152,23
Expansion,2013-2019,1,xgb_node_features,0.9842174506596487,105
Expansion,2013-2019,1,xgb_neighbor_features,0.9959158019907164,105
Expansion,2013-2019,2,chs_logit,0.8828558057048719,79
Expansion,2013-2019,2,xgb_node_features,0.9833101211131334,265
Expansion,2013-2019,2,xgb_neighbor_features,0.9911135462554188,265
Expansion,2013-2019,3,chs_logit,0.8941019997944797,165
Expansion,2013-2019,3,xgb_node_features,0.9786666319984529,453
Expansion,2013-2019,3,xgb_neighbor_features,0.9858870350739066,453
Expansion,2013-2019,4,chs_logit,0.8940756355311275,269
Expansion,2013-2019,4,xgb_node_features,0.9728667005868801,662
Expansion,2013-2019,4,xgb_neighbor_features,0.9821594926236819,662
Expansion,2013-2019,5,chs_logit,0.8948312898391841,388
Expansion,2013-2019,5,xgb_node_features,0.9670341218296221,885
Expansion,2013-2019,5,xgb_neighbor_features,0.9729311096177514,885
Expansion,2013-2019,6,chs_logit,0.8893114783720671,510
Expansion,2013-2019,6,xgb_node_features,0.9578981179505595,1109
Expansion,2013-2019,6,xgb_neighbor_features,0.9645860344624415,1109
Expansion,2013-2019,7,chs_logit,0.8864090894703399,632
Expansion,2013-2019,7,xgb_node_features,0.9488939484670178,1331
Expansion,2013-2019,7,xgb_neighbor_features,0.9575860468328213,1331
Expansion,2013-2019,8,chs_logit,0.8787378938890567,756
Expansion,2013-2019,8,xgb_node_features,0.9346012209497861,1551
Expansion,2013-2019,8,xgb_neighbor_features,0.9492147174195747,1551
COVID,2020-2021,1,chs_logit,,9
COVID,2020-2021,1,xgb_node_features,0.9875887685231821,39
COVID,2020-2021,1,xgb_neighbor_features,0.9754990813696839,39
COVID,2020-2021,2,chs_logit,0.9065591313653331,22
COVID,2020-2021,2,xgb_node_features,0.9820451444609288,77
COVID,2020-2021,2,xgb_neighbor_features,0.9779212606450334,77
COVID,2020-2021,3,chs_logit,0.7747430041975184,39
COVID,2020-2021,3,xgb_node_features,0.9743836550522355,110
COVID,2020-2021,3,xgb_neighbor_features,0.9651865071681722,110
COVID,2020-2021,4,chs_logit,0.6372439030449821,59
COVID,2020-2021,4,xgb_node_features,0.9598459873262144,142
COVID,2020-2021,4,xgb_neighbor_features,0.9610227847823744,142
COVID,2020-2021,5,chs_logit,0.5671976693688213,79
COVID,2020-2021,5,xgb_node_features,0.951877619135917,175
COVID,2020-2021,5,xgb_neighbor_features,0.9454170750443698,175
COVID,2020-2021,6,chs_logit,0.5465960062328095,105
COVID,2020-2021,6,xgb_node_features,0.9441654621911121,221
COVID,2020-2021,6,xgb_neighbor_features,0.9401380407921693,221
COVID,2020-2021,7,chs_logit,0.5389323744264408,129
COVID,2020-2021,7,xgb_node_features,0.9278841256852588,271
COVID,2020-2021,7,xgb_neighbor_features,0.9252318216981628,271
COVID,2020-2021,8,chs_logit,0.540236217517644,159
COVID,2020-2021,8,xgb_node_features,0.9051533122053095,333
COVID,2020-2021,8,xgb_neighbor_features,0.9152131935550816,333
Tightening,2022-2025,1,chs_logit,0.11143763785596564,11
Tightening,2022-2025,1,xgb_node_features,0.851832707306707,27
Tightening,2022-2025,1,xgb_neighbor_features,0.9379756940854843,27
Tightening,2022-2025,2,chs_logit,0.2691695959464783,41
Tightening,2022-2025,2,xgb_node_features,0.9100673569734985,81
Tightening,2022-2025,2,xgb_neighbor_features,0.9510346933005053,81
Tightening,2022-2025,3,chs_logit,0.38852041779672764,77
Tightening,2022-2025,3,xgb_node_features,0.9125421989744953,147
Tightening,2022-2025,3,xgb_neighbor_features,0.9436848053834904,147
Tightening,2022-2025,4,chs_logit,0.5097923884455328,122
Tightening,2022-2025,4,xgb_node_features,0.9133304086696384,227
Tightening,2022-2025,4,xgb_neighbor_features,0.951197345495728,227
Tightening,2022-2025,5,chs_logit,0.5704332815241479,181
Tightening,2022-2025,5,xgb_node_features,0.9091165308267943,317
Tightening,2022-2025,5,xgb_neighbor_features,0.9367351265545637,317
Tightening,2022-2025,6,chs_logit,0.6034194312163782,237
Tightening,2022-2025,6,xgb_node_features,0.9005761256510372,390
Tightening,2022-2025,6,xgb_neighbor_features,0.930360603358424,390
Tightening,2022-2025,7,chs_logit,0.6179432812865918,285
Tightening,2022-2025,7,xgb_node_features,0.8998779222030292,445
Tightening,2022-2025,7,xgb_neighbor_features,0.9184590960047523,445
Tightening,2022-2025,8,chs_logit,0.6312981147665485,314
Tightening,2022-2025,8,xgb_node_features,0.8908503643913751,476
Tightening,2022-2025,8,xgb_neighbor_features,0.917043777584825,476
