max_depth,learning_rate,min_child_weight,subsample,colsample_bytree,reg_lambda,scale_pos_weight,best_iteration,val_roc_auc,val_pr_auc
5,0.026431202670039993,20.0,0.7447250442213562,0.5438249596580504,0.1721915376473836,16.855721002686114,320,0.8872987241822379,0.15424670102526958
7,0.04565987188626108,50.0,0.9059995429664103,0.8173591600002954,1.2798492000028476,16.855721002686114,170,0.873721352825861,0.15391557840110393
4,0.07969134708632997,50.0,0.929104645308332,0.7217070994136656,0.2847589897922607,1.0,88,0.8761376335467422,0.15292612780357367
3,0.17797933094556842,50.0,0.9113533988295047,0.5973193539259838,0.8579105479001714,16.855721002686114,154,0.8746138989583558,0.1520185753902064
7,0.017130186366788005,5.0,0.6360191443102566,0.8611796752982251,0.8389855104787753,1.0,252,0.8943750210650421,0.14918330383081052
7,0.13386594263840607,50.0,0.7549913516120698,0.644164051965122,2.3173466689007483,16.855721002686114,30,0.8968926178713981,0.14891230500373262
6,0.01228412306208748,50.0,0.8526657596488258,0.8790438700426869,0.5117430300313626,284.1153305203938,918,0.8542655077341976,0.14841364109540328
4,0.04390177561904215,20.0,0.8274964783811575,0.5698984990638287,0.169457247189509,16.855721002686114,275,0.8695931529589703,0.1469491725448876
3,0.04115568321088801,20.0,0.943439167964553,0.8486840145296819,0.15429601005519727,16.855721002686114,457,0.8631786376169197,0.1464988619794236
3,0.026639749533499194,10.0,0.6123271338271757,0.7183586946161812,0.26863917535635,1.0,611,0.874025111259629,0.14470791529394822
5,0.18707379952775408,50.0,0.8798828535242997,0.6329349807297597,8.676663496154871,1.0,87,0.8744855682966242,0.144570828049604
5,0.06023445889301836,20.0,0.9135592836425654,0.8321567701636938,0.6497910464896939,16.855721002686114,143,0.8589383474711608,0.1445347584052332
7,0.1008431178893018,20.0,0.7088966247380636,0.5481954810767496,6.385645325524639,16.855721002686114,72,0.868415454528313,0.14278995920813892
4,0.08664421923073433,50.0,0.933071278423135,0.8501325510011246,0.4214376026129215,16.855721002686114,184,0.8804385193028481,0.1418314655012265
8,0.11630424939515058,20.0,0.6512454530702183,0.7251929689477836,0.5515641726960965,284.1153305203938,206,0.8362541427564525,0.14024840663590107
3,0.019048969369584508,50.0,0.9147697510008553,0.8324254282960161,2.5723541334066273,1.0,512,0.8625971967580597,0.1398585976407557
8,0.045433703111332886,5.0,0.6757885436337143,0.5649607526677358,0.8941489120323659,1.0,127,0.9033967716902933,0.13566437589086355
3,0.016443917487091335,20.0,0.8979048623631268,0.983754866217105,0.4483846290786351,284.1153305203938,1202,0.8577273000118828,0.13180377526755466
7,0.05028780563949926,1.0,0.6609248410852674,0.848160187538868,0.7803915372354434,1.0,77,0.8592287093466835,0.12217856476446244
5,0.15659010040371002,1.0,0.6233210966756264,0.6406919460109983,0.3865338349256125,1.0,152,0.8150143794880843,0.0928168067069304
